TYPE,ARTICLE,WEIGHT,PRICE,AMOUNT
ЦЕПЬ,3RMB 050-55,,"455,00р.",1
ЦЕПЬ,8PD100-60,,"586,00р.",1
ЦЕПЬ,ЗМ 080-50,,"354,00р.",
ЦЕПЬ,ЗМ 100-50,,"498,00р.",
ЦЕПЬ,Руссо-50,,"864,00р.",
ЦЕПЬ,Руссо-60,,"963,00р.",
ЦЕПЬ,СГ 035-50,,"184,00р.",1
ЦЕПЬ,СГ 035-55,,"195,00р.",1
ЦЕПЬ,СL 160-45,,"185,00р.",1
ЦЕПЬ,СL 160-60,,"220,00р.",1
ЦЕПЬ,A2 030-50,"2,12","86,00р.",
ЦЕПЬ,A2 030-60,"2,79","97,00р.",
ЦЕПЬ,A2 030-70,"3,05","0,00р.",
ЦЕПЬ,A2 035-60,,"69,00р.",
ЦЕПЬ,A3 030-50,,"221,00р.",
ЦЕПЬ,A3 030-60,,"262,00р.",
ЦЕПЬ,A3 035-50,,"285,00р.",1
ЦЕПЬ,A3 035-55,,"342,00р.",1
ЦЕПЬ,A3 035-60,,"354,00р.",1
ЦЕПЬ,A3 035-70,,"117,00р.",
ЦЕПЬ,A3 050-50,"8,87","512,00р.",1
ЦЕПЬ,A3 050-60,"10,74","647,00р.",1
ЦЕПЬ,A3 050-60,,"0,00р.",
ЦЕПЬ,A3 050-70,"12,31","144,00р.",
ЦЕПЬ,A3 050-70,,"0,00р.",
ЦЕПЬ,ACO 080-50,,"537,00р.",1
ЦЕПЬ,ACO 080-55,,"585,00р.",1
ЦЕПЬ,AD 050-40,,"142,00р.",1
ЦЕПЬ,AD 050-45,,"161,00р.",1
ЦЕПЬ,AD 050-55,,"120,00р.",1
ЦЕПЬ,AD 070-55,,"337,00р.",1
ЦЕПЬ,AD 070-70,"7,8","132,00р.",1
ЦЕПЬ,AD 140-50,,"0,00р.",
ЦЕПЬ,AD050-50,"2,77","242,00р.",1
ЦЕПЬ,AD050-60,"3,5","298,00р.",1
ЦЕПЬ,AD050-70,"3,88","90,00р.",1
ЦЕПЬ,AD070-50,"5,92","263,00р.",1
ЦЕПЬ,AD070-60,"7,01","369,00р.",1
ЦЕПЬ,AD100-50,"9,47","465,00р.",1
ЦЕПЬ,AD100-55,,"546,00р.",1
ЦЕПЬ,AD100-60,"12,57","695,00р.",1
ЦЕПЬ,AD100-70,"13,99","408,00р.",1
ЦЕПЬ,AD120-60,"17,64","0,00р.",
ЦЕПЬ,AD150-60,"33,08","0,00р.",
ЦЕПЬ,ADS 050-55,,"355,00р.",1
ЦЕПЬ,ADS 050-60,,"383,00р.",1
ЦЕПЬ,AK 030-45,"1,54","0,00р.",
ЦЕПЬ,AK 050-45,"2,12","184,00р.",1
ЦЕПЬ,AK 060-55,,"288,00р.",1
ЦЕПЬ,AK 070-55,,"251,80р.",1
ЦЕПЬ,AK050-50,"3,47","214,00р.",1
ЦЕПЬ,AK050-55,,"148,00р.",1
ЦЕПЬ,AK050-60,"4,2","248,00р.",1
ЦЕПЬ,AK070-50,"6,73","223,00р.",1
ЦЕПЬ,AK070-60,"8,09","298,00р.",1
ЦЕПЬ,BK 0404F-50,,"540,00р.",
ЦЕПЬ,BK 0404F-55,,"576,00р.",
ЦЕПЬ,BK 0503F-50,,"528,00р.",
ЦЕПЬ,BK 0503F-55,,"594,00р.",
ЦЕПЬ,BK 0504F-50,,"738,00р.",
ЦЕПЬ,BK 0504F-60,,"810,00р.",
ЦЕПЬ,CB 160-55,,"183,00р.",1
ЦЕПЬ,CH 050-55,,"222,00р.",1
ЦЕПЬ,CL 125-50,,"158,00р.",1
ЦЕПЬ,CL 125-55,,"171,00р.",1
ЦЕПЬ,CL 140-50,,"160,00р.",1
ЦЕПЬ,CL 140-60,,"170,00р.",1
ЦЕПЬ,CL 160-50,,"209,00р.",1
ЦЕПЬ,CL 160-55,,"227,00р.",1
ЦЕПЬ,Cr 030-50,,"81,00р.",1
ЦЕПЬ,Cr 030-60,,"105,00р.",1
ЦЕПЬ,DPD 035-50,,,
ЦЕПЬ,DPD 035-60,,"63,00р.",
ЦЕПЬ,DPD 050-50,,"96,00р.",
ЦЕПЬ,DPD 050-60,,"0,00р.",
ЦЕПЬ,GB 060-50,,"634,00р.",1
ЦЕПЬ,GB 060-55,,"687,00р.",1
ЦЕПЬ,GB 060-60,,"814,00р.",1
ЦЕПЬ,GB 075-55,,"506,00р.",1
ЦЕПЬ,GB 075-60,,"1 165,00р.",1
ЦЕПЬ,GB 100-60,,"2 034,00р.",1
ЦЕПЬ,LO 080-45,,"91,00р.",1
ЦЕПЬ,LO 080-50,,"122,00р.",1
ЦЕПЬ,LO 080-55,,"128,00р.",1
ЦЕПЬ,LO 080-60,"2,33","140,00р.",1
ЦЕПЬ,LO 140-50,,"216,00р.",1
ЦЕПЬ,LO 140-60,,"260,00р.",1
ЦЕПЬ,LOK 140-60,,"0,00р.",
ЦЕПЬ,LOVE 035-40,,"134,00р.",1
ЦЕПЬ,LOVE 035-45,,"141,00р.",1
ЦЕПЬ,LOVE 035-50,,"149,00р.",1
ЦЕПЬ,LOVE 035-55,,"155,00р.",1
ЦЕПЬ,LOVE 035-60,,"150,00р.",1
ЦЕПЬ,LOVE 050-50,,"303,00р.",1
ЦЕПЬ,LOVE 050-55,,"335,00р.",1
ЦЕПЬ,LOVE 050-60,,"374,00р.",1
ЦЕПЬ,LP 050-50,,"99,00р.",
ЦЕПЬ,LP 050-60,,"120,00р.",
ЦЕПЬ,LP 080-45,,"129,00р.",1
ЦЕПЬ,LP 080-50,,"142,00р.",1
ЦЕПЬ,LP 080-55,,"135,00р.",1
ЦЕПЬ,LP 080-60,,"144,00р.",
ЦЕПЬ,LP 080-60,,"156,00р.",1
ЦЕПЬ,NONA 045-45,,"283,00р.",1
ЦЕПЬ,NONA 045-50,,"315,00р.",1
ЦЕПЬ,NONA 045-55,,"323,00р.",1
ЦЕПЬ,NONA 045-60,,"379,00р.",1
ЦЕПЬ,NONA 060-50,,"488,00р.",1
ЦЕПЬ,NONA 060-55,,"544,00р.",1
ЦЕПЬ,NONA 060-55 (ox),,"480,00р.",1
ЦЕПЬ,NONA 060-60,,"600,00р.",1
ЦЕПЬ,NONA 060-60 (ox),,"525,00р.",1
ЦЕПЬ,NONA 060-65,,"638,00р.",
ЦЕПЬ,NONA 065-50,,"372,00р.",1
ЦЕПЬ,NONA 065-60,,"420,00р.",1
ЦЕПЬ,NONA 080-55,,"826,00р.",1
ЦЕПЬ,NONA 080-55 (ox),,"826,00р.",1
ЦЕПЬ,NONA 080-60 (ox),,"903,00р.",1
ЦЕПЬ,NONA 100-55,,"693,00р.",
ЦЕПЬ,NONA 100-60,,"769,00р.",
ЦЕПЬ,OSP 040-50,,"165,00р.",
ЦЕПЬ,OSP 040-55,,"204,00р.",
ЦЕПЬ,OSP 050-60,,"316,00р.",
ЦЕПЬ,OSP 050-60,,"316,00р.",
ЦЕПЬ,P2 050-55,,"250,00р.",1
ЦЕПЬ,P2 050-60,,"280,00р.",1
ЦЕПЬ,PD 030-50,,"26,00р.",
ЦЕПЬ,PD 035-50,,"27,00р.",
ЦЕПЬ,PD 040-50,,"33,00р.",
ЦЕПЬ,PD 040-60,,"29,00р.",
ЦЕПЬ,PD 040-70,,"34,00р.",
ЦЕПЬ,PD 050-40,,"154,00р.",1
ЦЕПЬ,PD 050-45,,"150,00р.",1
ЦЕПЬ,PD 080-60,,"1 203,00р.",
ЦЕПЬ,PD 100-50,,"587,00р.",1
ЦЕПЬ,PD 100-55,,"620,00р.",1
ЦЕПЬ,PD 100-55 (ox),,"627,00р.",1
ЦЕПЬ,PD 100-60 (ox),,"703,00р.",1
ЦЕПЬ,PD 120-50,,"688,00р.",1
ЦЕПЬ,PD 120-55,,"803,00р.",1
ЦЕПЬ,PD 140-50,,"396,00р.",
ЦЕПЬ,PD 140-55 (ox),,"1 100,00р.",1
ЦЕПЬ,PD 140-60,,"1 146,00р.",1
ЦЕПЬ,PD 140-70,,"1 280,00р.",1
ЦЕПЬ,PD 140-70,,"630,00р.",
ЦЕПЬ,PD 160-50,,"396,00р.",
ЦЕПЬ,PD 160-60,,"1 350,00р.",1
ЦЕПЬ,PD 200-50,,"900,00р.",
ЦЕПЬ,PD 200-60,,"1 152,00р.",
ЦЕПЬ,PD035-50,"1,52","26,00р.",
ЦЕПЬ,PD035-60,"1,88","19,00р.",
ЦЕПЬ,PD050-50,"3,05","179,00р.",1
ЦЕПЬ,PD050-55,,"0,00р.",
ЦЕПЬ,PD050-60,"3,61","220,00р.",1
ЦЕПЬ,PD050-70,"4,32","190,00р.",1
ЦЕПЬ,PD060-50,,"0,00р.",
ЦЕПЬ,PD060-60,,"384,00р.",
ЦЕПЬ,PD060-70,,"0,00р.",
ЦЕПЬ,PD070-45,"6,65","0,00р.",
ЦЕПЬ,PD070-50,"6,5","269,00р.",1
ЦЕПЬ,PD070-60,,"324,00р.",1
ЦЕПЬ,PD070-70,"9,61","365,00р.",1
ЦЕПЬ,PD100-60,"14,65","698,00р.",1
ЦЕПЬ,PD100-70,,"845,00р.",1
ЦЕПЬ,PD120-60,"21,19","835,00р.",1
ЦЕПЬ,PD120-70,"24,78","1 013,00р.",1
ЦЕПЬ,PD140-55,,"922,00р.",1
ЦЕПЬ,PDL 050-45,,"112,00р.",
ЦЕПЬ,PDL 050-50,,"122,00р.",
ЦЕПЬ,PDL 050-60,,"148,00р.",
ЦЕПЬ,PDL 070-50,,"177,00р.",
ЦЕПЬ,PDL 070-60,,"268,00р.",
ЦЕПЬ,PDL 070-70,,"315,00р.",
ЦЕПЬ,PR 050-50,,"171,00р.",1
ЦЕПЬ,PW 035-60,"1,21","0,00р.",
ЦЕПЬ,PW035-50,"1,31","0,00р.",
ЦЕПЬ,RMB 035-50,,"175,00р.",1
ЦЕПЬ,RMB 035-55,,"155,00р.",1
ЦЕПЬ,RMB 035-60,,"170,00р.",1
ЦЕПЬ,RMB 040-60,,"156,00р.",1
ЦЕПЬ,RMB 050-45,,"253,00р.",1
ЦЕПЬ,RMB 050-50,,"274,00р.",1
ЦЕПЬ,RMB 050-55,,"294,00р.",1
ЦЕПЬ,RMB 050-60,,"336,00р.",1
ЦЕПЬ,RMB 050-70,,"387,00р.",1
ЦЕПЬ,RMB 060-50,,"260,00р.",1
ЦЕПЬ,RMB 060-60,,"310,00р.",1
ЦЕПЬ,RMB 070-45,,"300,00р.",1
ЦЕПЬ,RMB 070-50,,"545,00р.",1
ЦЕПЬ,RMB 070-55,,"636,00р.",1
ЦЕПЬ,RMB 070-55 (ox),,"618,00р.",1
ЦЕПЬ,RMB 070-60,"10,7","633,00р.",1
ЦЕПЬ,RMB 070-60 (ox),,"713,00р.",1
ЦЕПЬ,RMB 070-70,,"670,00р.",1
ЦЕПЬ,RMB 100-50,,"907,00р.",1
ЦЕПЬ,RMB 100-55,,"944,00р.",1
ЦЕПЬ,RMB 100-60,,"1 140,00р.",1
ЦЕПЬ,SN 028-60,"2,25","0,00р.",
ЦЕПЬ,SN 035-50,,"153,00р.",
ЦЕПЬ,SN 035-55,,"154,00р.",
ЦЕПЬ,SN 035-60,,"182,00р.",
ЦЕПЬ,SN 050-50,,"159,00р.",
ЦЕПЬ,SN 050-60,,"186,00р.",
ЦЕПЬ,SN 050-70,,"0,00р.",
ЦЕПЬ,SPD 040-50,,"164,00р.",
ЦЕПЬ,SPD 040-60,,"202,00р.",
ЦЕПЬ,SPD 050-50,,"195,00р.",
ЦЕПЬ,SPD 050-60,,"222,00р.",
ЦЕПЬ,ST 140-45,,"191,00р.",1
ЦЕПЬ,ST 140-50,,"205,00р.",1
ЦЕПЬ,ST 140-55,,"228,00р.",1
ЦЕПЬ,ST 140-60,,"319,00р.",1
ЦЕПЬ,ST 160-45,,"387,00р.",1
ЦЕПЬ,ST 160-50,,"417,00р.",1
ЦЕПЬ,ST 160-55,,"455,00р.",1
ЦЕПЬ,VD 090-60,,"0,00р.",
ЦЕПЬ,VD 100-45,,"45,00р.",
ЦЕПЬ,VD 200-50,,"180,00р.",
ЦЕПЬ,VD 200-60,,"207,00р.",
ЦЕПЬ,VD100-50,,"72,00р.",
ЦЕПЬ,VD100-60,,"108,00р.",
ЦЕПЬ,3M060-50,,"240,00р.",1
ЦЕПЬ,3M060-55,,"265,00р.",1
ЦЕПЬ,3M 060-60,,"284,00р.",1
ЦЕПЬ,3M 080-55,,"530,00р.",1
ЦЕПЬ,3M 080-60,,"574,00р.",1
ЦЕПЬ,ST 120-45,,"234,00р.",1
ЦЕПЬ,ST 120-50,,"263,00р.",1
ЦЕПЬ,ST 120-55,,"271,00р.",1
ЦЕПЬ,GB 070-55,,"1 180,00р.",1
ЦЕПЬ,NONA 035-55,,"229,00р.",1
ЦЕПЬ,RMB 100-70,,"1 203,00р.",1
ЦЕПЬ,4-1301,,"105,00р.",1
А.НЕВСКИЙ,ИК 805,,"0,00р.",
АНГЕЛ_ХРАНИТ,ИК 808,,"93,00р.",1
АНДРЕЙ,ИК 809,,"0,00р.",
Б.КАЗАНСКАЯ БМ.,ИК 804,,"93,00р.",15
ВЛ.БОГОМАТЕРЬ,ИК 813,,"0,00р.",
ВЛ.БОГОМАТЕРЬ,ИК 814,,"93,00р.",1
ВЛ.БОГОМАТЕРЬ,ИК 850,,"200,00р.",13
ВЛ.БОЛЬШАЯ,3-211,,"50,00р.",1
ВЛ.БОЛЬШАЯ,ИК 816.3,,"0,00р.",
КАЗАНСКАЯ БМ.,ИК 807,,"0,00р.",
КОЛЬЦО,4-001,"1,2","39,00р.",105
КОЛЬЦО,4-003,"2,4","51,00р.",83
КОЛЬЦО,КСН28,,"0,00р.",
НИКОЛАЙ,ИК 806,,"90,00р.",1
ПОДВЕСКА,3-001,"4,2","0,00р.",
ПОДВЕСКА,3-003,"0,8","0,00р.",
ПОДВЕСКА,3-005,,"0,00р.",
ПОДВЕСКА,3-007,"1,4","0,00р.",
ПОДВЕСКА,3-008,,"0,00р.",
ПОДВЕСКА,3-013,"0,7","0,00р.",
ПОДВЕСКА,3-014,"0,8","0,00р.",
ПОДВЕСКА,3-016,"1,1","0,00р.",
ПОДВЕСКА,3-019,"0,6","0,00р.",
ПОДВЕСКА,3-025,"1,8","0,00р.",
ПОДВЕСКА,3-026,"1,6","0,00р.",
ПОДВЕСКА,3-034,,"0,00р.",
ПОДВЕСКА,3-035,,"0,00р.",
ПОДВЕСКА,3-037,"1,3","0,00р.",
ПОДВЕСКА,3-044,"1,1","0,00р.",
ПОДВЕСКА,3-045,"0,5","0,00р.",
ПОДВЕСКА,3-048,"1,9","0,00р.",
ПОДВЕСКА,3-049,,"0,00р.",
ПОДВЕСКА,3-051,,"0,00р.",
ПОДВЕСКА,3-052,"1,5","0,00р.",
ПОДВЕСКА,3-053,"1,4","0,00р.",
ПОДВЕСКА,3-054,"1,2","0,00р.",
ПОДВЕСКА,3-058,"0,7","0,00р.",
ПОДВЕСКА,3-066,,"0,00р.",
ПОДВЕСКА,3-068,,"0,00р.",
ПОДВЕСКА,3-076,,"0,00р.",
ПОДВЕСКА,3-077,"0,4","0,00р.",
ПОДВЕСКА,3-093,,"0,00р.",
ПОДВЕСКА,3-095,,"0,00р.",
ПОДВЕСКА,3-1000,,"162,00р.",50
ПОДВЕСКА,3-1000 (эмаль),,"169,00р.",1
ПОДВЕСКА,3-1000ЗС,,"169,00р.",1
ПОДВЕСКА,3-1000ЗС (эмаль),,"191,00р.",1
ПОДВЕСКА,3-1001,,"44,00р.",1
ПОДВЕСКА,3-1005,,"138,00р.",1
ПОДВЕСКА,3-1005 (эмаль),,"148,00р.",1
ПОДВЕСКА,3-1009,,"150,00р.",1
ПОДВЕСКА,3-1009 (эмаль),"0,5","147,00р.",1
ПОДВЕСКА,3-1009ЗС,,"163,00р.",1
ПОДВЕСКА,3-1009ЗС (эмаль),"0,5","165,00р.",1
ПОДВЕСКА,3-100ЗС,,"135,00р.",1
ПОДВЕСКА,3-1010,,"161,00р.",1
ПОДВЕСКА,3-1010ЗС,,"143,00р.",1
ПОДВЕСКА,3-1011,,"264,00р.",1
ПОДВЕСКА,3-1011ЗС,,"186,00р.",1
ПОДВЕСКА,3-1013,,"75,00р.",1
ПОДВЕСКА,3-1014,,"81,00р.",1
ПОДВЕСКА,3-1015,,"117,00р.",1
ПОДВЕСКА,3-1015ЗС,,"118,00р.",1
ПОДВЕСКА,3-1019,,"144,00р.",1
ПОДВЕСКА,3-1019.11,,"84,00р.",
ПОДВЕСКА,3-1019ЗС,,"149,00р.",1
ПОДВЕСКА,3-1020,,"132,00р.",1
ПОДВЕСКА,3-1020ЗС,,"129,00р.",1
ПОДВЕСКА,3-1022,,"195,00р.",1
ПОДВЕСКА,3-1023,,"386,00р.",1
ПОДВЕСКА,3-1023ЗС,,"390,00р.",1
ПОДВЕСКА,3-1027,,"132,00р.",1
ПОДВЕСКА,3-1027ЗС,,"126,00р.",1
ПОДВЕСКА,3-1030,,"777,00р.",1
ПОДВЕСКА,3-1030ЗС,"0,5","725,00р.",1
ПОДВЕСКА,3-1032,,"123,00р.",1
ПОДВЕСКА,3-1033,,"75,00р.",1
ПОДВЕСКА,3-1039,,"48,00р.",1
ПОДВЕСКА,3-1050,"2,1","513,00р.",1
ПОДВЕСКА,3-1058,,"39,00р.",1
ПОДВЕСКА,3-1082,1,"120,00р.",1
ПОДВЕСКА,3-112.2,,"55,00р.",1
ПОДВЕСКА,3-113.3,"1,9","129,00р.",60
ПОДВЕСКА,3-113.3ЗС,"0,4","120,00р.",1
ПОДВЕСКА,3-1151,"1,5","352,00р.",1
ПОДВЕСКА,3-1176,,"386,00р.",1
ПОДВЕСКА,3-1177,,"376,00р.",1
ПОДВЕСКА,3-118,,"261,00р.",12
ПОДВЕСКА,3-119,,"415,00р.",1
ПОДВЕСКА,3-1199,,"409,00р.",1
ПОДВЕСКА,3-119ЗС,,"473,00р.",1
ПОДВЕСКА,3-120,,"156,00р.",20
ПОДВЕСКА,3-121,,"261,00р.",7
ПОДВЕСКА,3-121,,"0,00р.",
ПОДВЕСКА,3-121.ЗС,,"280,00р.",1
ПОДВЕСКА,3-122,,"752,00р.",5
ПОДВЕСКА,3-122 ЗС,,"0,00р.",
ПОДВЕСКА,3-123,,"357,00р.",1
ПОДВЕСКА,3-123 (эмаль),,"338,00р.",1
ПОДВЕСКА,3-1245,,"220,00р.",1
ПОДВЕСКА,3-141,,"87,00р.",85
ПОДВЕСКА,3-141.4ЗС,,"84,00р.",1
ПОДВЕСКА,3-144.1,,"63,00р.",80
ПОДВЕСКА,3-144.2,,"162,00р.",1
ПОДВЕСКА,3-144.2ЗС,"0,8","150,00р.",1
ПОДВЕСКА,3-145,,"99,00р.",60
ПОДВЕСКА,3-145.1ЗС,,"104,00р.",1
ПОДВЕСКА,3-146,,"34,00р.",1
ПОДВЕСКА,3-151,"3,5","185,00р.",20
ПОДВЕСКА,3-151 (эмаль),,"201,00р.",1
ПОДВЕСКА,3-156,,"186,00р.",1
ПОДВЕСКА,3-157Н,"5,6","267,00р.",45
ПОДВЕСКА,3-160.1,,"123,00р.",80
ПОДВЕСКА,3-160.1ЗС,,"123,00р.",1
ПОДВЕСКА,3-161,,"30,00р.",15
ПОДВЕСКА,3-172,,"75,00р.",65
ПОДВЕСКА,3-172.2ЗС,"2,8","76,00р.",1
ПОДВЕСКА,3-174,,"123,00р.",50
ПОДВЕСКА,3-174 (эмаль),,"133,00р.",1
ПОДВЕСКА,3-175,,"57,00р.",70
ПОДВЕСКА,3-176,,"44,00р.",70
ПОДВЕСКА,3-177,,"47,00р.",1
ПОДВЕСКА,3-181,,"57,00р.",80
ПОДВЕСКА,3-182,,"122,00р.",5
ПОДВЕСКА,3-184,,"314,00р.",1
ПОДВЕСКА,3-184ЗС,,"231,00р.",1
ПОДВЕСКА,3-185,,"296,00р.",30
ПОДВЕСКА,3-185ЗС,,"254,00р.",1
ПОДВЕСКА,3-191,,"422,00р.",2
ПОДВЕСКА,3-192,,"54,00р.",19
ПОДВЕСКА,3-193,,"198,00р.",20
ПОДВЕСКА,3-193ЗС,,"191,00р.",1
ПОДВЕСКА,3-195,"4,3","243,00р.",1
ПОДВЕСКА,3-212,,"51,00р.",60
ПОДВЕСКА,3-800.1,,"93,00р.",1
ПОДВЕСКА,3-818,,"205,00р.",1
ПОДВЕСКА,3.112.3,,"0,00р.",
ПОДВЕСКА,3.128,,"0,00р.",
ПОДВЕСКА,3.187,,"0,00р.",
ПОДВЕСКА,3.804,"0,7","0,00р.",
ПОДВЕСКА,3.805,"0,8","0,00р.",
ПОДВЕСКА,3.807,"0,7","0,00р.",
ПОДВЕСКА,3.809,"0,7","0,00р.",
ПОДВЕСКА,3.810,"0,6","0,00р.",
ПОДВЕСКА,3.812,"0,8","0,00р.",
ПОДВЕСКА,3.813,"0,7","0,00р.",
ПОДВЕСКА,3.816.4,,"0,00р.",
ПОДВЕСКА,3.820,,"0,00р.",
ПОДВЕСКА,3.821,,"0,00р.",
ПОДВЕСКА,3.851,,"84,00р.",1
ПОДВЕСКА,5-016,"0,5","0,00р.",
ПОДВЕСКА,9-806,,"0,00р.",
ПОДВЕСКА,ИК 803,"0,8","0,00р.",
ПОДВЕСКА,ИК 806,"0,6","0,00р.",
ПОДВЕСКА,ИК 808,,"0,00р.",
ПОДВЕСКА,ИК 814,,"0,00р.",
ПОДВЕСКА,ИК 816.1,,"0,00р.",
ПОДВЕСКА,ИК 817,,"0,00р.",
ПОДВЕСКА,ИК 851,,"0,00р.",
ПОДВЕСКА,ИК 853,,"254,00р.",1
ПОДВЕСКА,ИК 854,,"130,00р.",1
ПОДВЕСКА,ИК20,,"0,00р.",
ПОДВЕСКА,КР 14H,"0,8","0,00р.",
ПОДВЕСКА,КР+,,"0,00р.",
ПОДВЕСКА,КР++,,"0,00р.",
ПОДВЕСКА,КР12,"0,6","0,00р.",
ПОДВЕСКА,КР12М,,"0,00р.",
ПОДВЕСКА,КР13П,"0,7","0,00р.",
ПОДВЕСКА,КР14.5,"0,8","0,00р.",
ПОДВЕСКА,КР14*,,"0,00р.",
ПОДВЕСКА,КР15.5,"1,1","0,00р.",
ПОДВЕСКА,КР153,,"0,00р.",
ПОДВЕСКА,КР15К,,"0,00р.",
ПОДВЕСКА,КР16 ,,"0,00р.",
ПОДВЕСКА,КР16.5,,"0,00р.",
ПОДВЕСКА,КР176,,"0,00р.",
ПОДВЕСКА,КР177,,"0,00р.",
ПОДВЕСКА,КР17Н,,"0,00р.",
ПОДВЕСКА,КР18А,"1,4","0,00р.",
ПОДВЕСКА,КР18Н,"1,2","0,00р.",
ПОДВЕСКА,КР211,,"0,00р.",
ПОДВЕСКА,КР22Н,,"0,00р.",
ПОДВЕСКА,КР28P,"1,6","0,00р.",
ПОДВЕСКА,КР32,,"0,00р.",
ПОДВЕСКА,КР33,,"0,00р.",
ПОДВЕСКА,КР35,,"0,00р.",
ПОДВЕСКА,КР35*,,"0,00р.",
ПОДВЕСКА,КР35Н,,"0,00р.",
ПОДВЕСКА,КР37,"1,2","0,00р.",
ПОДВЕСКА,КР38,,"0,00р.",
ПОДВЕСКА,КР48,,"0,00р.",
ПОДВЕСКА,КР49,,"0,00р.",
ПОДВЕСКА,КР7.5**,"0,6","0,00р.",
ПОДВЕСКА,КР8,,"0,00р.",
ПОДВЕСКА,КР8*,,"0,00р.",
ПОДВЕСКА,КР88,"1,9","0,00р.",
ПОДВЕСКА,КР89,"1,1","0,00р.",
ПОДВЕСКА,КР8H,"0,3","0,00р.",
ПОДВЕСКА,КР9Л,"0,8","0,00р.",
ПОДВЕСКА,КР9М,,"0,00р.",
ПОДВЕСКА,КРИН,"0,7","0,00р.",
ПОДВЕСКА,КРЛБ,"1,6","0,00р.",
ПОДВЕСКА,КРНТ,,"0,00р.",
ПОДВЕСКА,KP13,"0,7","0,00р.",
ПОДВЕСКА,"KP13,5*",,"0,00р.",
ПОДВЕСКА,"KP13,5M",,"0,00р.",
ПОДВЕСКА,KP13*,,"0,00р.",
ПОДВЕСКА,KP18П,"1,1","0,00р.",
ПОДВЕСКА,KP18K,"0,9","0,00р.",
ПОДВЕСКА,KP20,"1,3","0,00р.",
ПОДВЕСКА,KP20,"1,1","0,00р.",
ПОДВЕСКА,KP20*,"1,5","0,00р.",
ПОДВЕСКА,KP20B,"1,1","0,00р.",
ПОДВЕСКА,KP21,,"0,00р.",
ПОДВЕСКА,KP21M,"1,2","0,00р.",
ПОДВЕСКА,KP25,"1,4","0,00р.",
ПОДВЕСКА,KP9,,"0,00р.",
ПОДВЕСКА,KP9H,"0,5","0,00р.",
ПОДВЕСКА,KP9K,"0,6","0,00р.",
ПОДВЕСКА(З-С),3-009,,"0,00р.",
ПОДВЕСКА(З-С),3-015,,"0,00р.",
ПОДВЕСКА(З-С),3-021,,"0,00р.",
ПОДВЕСКА(З-С),3-027,,"0,00р.",
ПОДВЕСКА(З-С),3-036,,"0,00р.",
СМ.БОГОМАТЕРЬ,ИК 811,,"0,00р.",
СПАСИТЕЛЬ,ИК 812,,"0,00р.",
СПОРУЧНИЦА ГР.,ИК 810,,"0,00р.",
УТОЛИ МОИ ПЕЧ.,ИК 815,,"0,00р.",
